{
  "api_shortname": "pubsub-group-kafka-connector",
  "name_pretty": "Pub/Sub Group Kafka Connector",
  "api_reference": "https://cloud.google.com/pubsub/docs/",
  "product_documentation": "https://cloud.google.com/pubsub/docs/",
  "client_documentation": "https://cloud.google.com/java/docs/reference/pubsub-group-kafka-connector/latest/history",
  "api_description": "The Pub/Sub Group Kafka Connector is developed to work with Kafka Connect to publish messages from Kafka to Google Cloud Pub/Sub or Pub/Sub Lite and vice versa.",
  "release_level": "stable",
  "language": "java",
  "min_java_version": 8,
  "repo": "googleapis/java-pubsub-group-kafka-connector",
  "repo_short": "java-pubsub-group-kafka-connector",
  "distribution_name": "com.google.cloud:pubsub-group-kafka-connector",
  "codeowner_team": "@googleapis/api-pubsub",
  "api_id": "pubsub.googleapis.com",
  "library_type": "AGENT",
  "transport": "grpc",
  "requires_billing": true
}
