{
  "extends": [
    ":separateMajorReleases",
    ":combinePatchMinorReleases",
    ":ignoreUnstable",
    ":prImmediately",
    ":updateNotScheduled",
    ":automergeDisabled",
    ":ignoreModulesAndTests",
    ":maintainLockFilesDisabled",
    ":autodetectPinVersions"
  ],
  "ignorePaths": [".kokoro/requirements.txt"],
  "packageRules": [
    {
      "packagePatterns": [
        "^com.google.guava:"
      ],
      "versionScheme": "docker"
    },
    {
      "packagePatterns": [
        "*"
      ],
      "semanticCommitType": "deps",
      "semanticCommitScope": null
    },
    {
      "packagePatterns": [
        "^org.apache.maven",
        "^org.jacoco:",
        "^org.codehaus.mojo:",
        "^org.sonatype.plugins:",
        "^com.coveo:",
        "^com.google.cloud:google-cloud-shared-config"
      ],
      "semanticCommitType": "build",
      "semanticCommitScope": "deps"
    },
    {
      "packagePatterns": [
        "^com.google.cloud:pubsub-group-kafka-connector",
        "^com.google.cloud:libraries-bom",
        "^com.google.cloud.samples:shared-configuration"
      ],
      "semanticCommitType": "chore",
      "semanticCommitScope": "deps"
    },
    {
      "packagePatterns": [
        "^junit:junit",
        "^com.google.truth:truth",
        "^org.mockito:mockito-core",
        "^org.objenesis:objenesis",
        "^com.google.cloud:google-cloud-conformance-tests"
      ],
      "semanticCommitType": "test",
      "semanticCommitScope": "deps"
    },
    {
      "packagePatterns": [
        "^com.google.cloud:google-cloud-"
      ],
      "ignoreUnstable": false
    },
    {
      "packagePatterns": [
        "^com.fasterxml.jackson.core"
      ],
      "groupName": "jackson dependencies"
    }
  ],
  "semanticCommits": true,
  "dependencyDashboard": true
}
